<keymap version="1" name="Eclipse copy" parent="Eclipse">
  <action id="Arrangement.Alias.Rule.Edit" />
  <action id="Arrangement.Rule.Edit" />
  <action id="Debugger.EditArrayFilter" />
  <action id="Debugger.EditCustomField" />
  <action id="OptimizeImports">
    <keyboard-shortcut first-keystroke="shift ctrl o" />
  </action>
  <action id="QuickJavaDoc">
    <mouse-shortcut keystroke="alt button2" />
    <keyboard-shortcut first-keystroke="shift ctrl space" />
  </action>
  <action id="ReformatCode">
    <keyboard-shortcut first-keystroke="shift ctrl f" />
  </action>
  <action id="RenameFile">
    <keyboard-shortcut first-keystroke="f2" />
  </action>
  <action id="SaveAll">
    <keyboard-shortcut first-keystroke="shift ctrl s" />
  </action>
  <action id="SaveDocument">
    <keyboard-shortcut first-keystroke="ctrl s" />
  </action>
  <action id="XDebugger.EditWatch" />
  <action id="XDebugger.SetValue" />
</keymap>