<application>
  <component name="ProjectJdkTable">
    <jdk version="2">
      <name value="1.8" />
      <type value="JavaSDK" />
      <version value="java version &quot;1.8.0_321&quot;" />
      <homePath value="C:/Program Files/Java/jdk1.8.0_321" />
      <roots>
        <annotationsPath>
          <root type="composite">
            <root url="jar://$APPLICATION_HOME_DIR$/plugins/java/lib/jdkAnnotations.jar!/" type="simple" />
          </root>
        </annotationsPath>
        <classPath>
          <root type="composite">
            <root url="jar://C:/Program Files/Java/jdk1.8.0_321/jre/lib/charsets.jar!/" type="simple" />
            <root url="jar://C:/Program Files/Java/jdk1.8.0_321/jre/lib/deploy.jar!/" type="simple" />
            <root url="jar://C:/Program Files/Java/jdk1.8.0_321/jre/lib/ext/access-bridge-64.jar!/" type="simple" />
            <root url="jar://C:/Program Files/Java/jdk1.8.0_321/jre/lib/ext/cldrdata.jar!/" type="simple" />
            <root url="jar://C:/Program Files/Java/jdk1.8.0_321/jre/lib/ext/dnsns.jar!/" type="simple" />
            <root url="jar://C:/Program Files/Java/jdk1.8.0_321/jre/lib/ext/jaccess.jar!/" type="simple" />
            <root url="jar://C:/Program Files/Java/jdk1.8.0_321/jre/lib/ext/jfxrt.jar!/" type="simple" />
            <root url="jar://C:/Program Files/Java/jdk1.8.0_321/jre/lib/ext/localedata.jar!/" type="simple" />
            <root url="jar://C:/Program Files/Java/jdk1.8.0_321/jre/lib/ext/nashorn.jar!/" type="simple" />
            <root url="jar://C:/Program Files/Java/jdk1.8.0_321/jre/lib/ext/sunec.jar!/" type="simple" />
            <root url="jar://C:/Program Files/Java/jdk1.8.0_321/jre/lib/ext/sunjce_provider.jar!/" type="simple" />
            <root url="jar://C:/Program Files/Java/jdk1.8.0_321/jre/lib/ext/sunmscapi.jar!/" type="simple" />
            <root url="jar://C:/Program Files/Java/jdk1.8.0_321/jre/lib/ext/sunpkcs11.jar!/" type="simple" />
            <root url="jar://C:/Program Files/Java/jdk1.8.0_321/jre/lib/ext/zipfs.jar!/" type="simple" />
            <root url="jar://C:/Program Files/Java/jdk1.8.0_321/jre/lib/javaws.jar!/" type="simple" />
            <root url="jar://C:/Program Files/Java/jdk1.8.0_321/jre/lib/jce.jar!/" type="simple" />
            <root url="jar://C:/Program Files/Java/jdk1.8.0_321/jre/lib/jfr.jar!/" type="simple" />
            <root url="jar://C:/Program Files/Java/jdk1.8.0_321/jre/lib/jfxswt.jar!/" type="simple" />
            <root url="jar://C:/Program Files/Java/jdk1.8.0_321/jre/lib/jsse.jar!/" type="simple" />
            <root url="jar://C:/Program Files/Java/jdk1.8.0_321/jre/lib/management-agent.jar!/" type="simple" />
            <root url="jar://C:/Program Files/Java/jdk1.8.0_321/jre/lib/plugin.jar!/" type="simple" />
            <root url="jar://C:/Program Files/Java/jdk1.8.0_321/jre/lib/resources.jar!/" type="simple" />
            <root url="jar://C:/Program Files/Java/jdk1.8.0_321/jre/lib/rt.jar!/" type="simple" />
          </root>
        </classPath>
        <javadocPath>
          <root type="composite" />
        </javadocPath>
        <sourcePath>
          <root type="composite">
            <root url="jar://C:/Program Files/Java/jdk1.8.0_321/src.zip!/" type="simple" />
            <root url="jar://C:/Program Files/Java/jdk1.8.0_321/javafx-src.zip!/" type="simple" />
          </root>
        </sourcePath>
      </roots>
      <additional />
    </jdk>
    <jdk version="2">
      <name value="Python 3.9" />
      <type value="Python SDK" />
      <version value="Python 3.10.5" />
      <homePath value="C:\Python\python.exe" />
      <roots>
        <annotationsPath>
          <root type="composite" />
        </annotationsPath>
        <classPath>
          <root type="composite">
            <root url="file://C:/Python/DLLs" type="simple" />
            <root url="file://C:/Python/Lib" type="simple" />
            <root url="file://C:/Python" type="simple" />
            <root url="file://C:/Python/Lib/site-packages" type="simple" />
            <root url="file://$USER_HOME$/AppData/Local/JetBrains/IdeaIC2020.2/python_stubs/-234514117" type="simple" />
            <root url="file://$APPLICATION_PLUGINS_DIR$/python-ce/helpers/python-skeletons" type="simple" />
            <root url="file://$APPLICATION_PLUGINS_DIR$/python-ce/helpers/typeshed/stdlib/3.7" type="simple" />
            <root url="file://$APPLICATION_PLUGINS_DIR$/python-ce/helpers/typeshed/stdlib/3" type="simple" />
            <root url="file://$APPLICATION_PLUGINS_DIR$/python-ce/helpers/typeshed/stdlib/2and3" type="simple" />
            <root url="file://$APPLICATION_PLUGINS_DIR$/python-ce/helpers/typeshed/third_party/3" type="simple" />
            <root url="file://$APPLICATION_PLUGINS_DIR$/python-ce/helpers/typeshed/third_party/2and3" type="simple" />
          </root>
        </classPath>
        <javadocPath>
          <root type="composite" />
        </javadocPath>
        <sourcePath>
          <root type="composite" />
        </sourcePath>
      </roots>
      <additional />
    </jdk>
  </component>
</application>