<application>
  <component name="ProjectManager">
    <defaultProject>
      <component name="WindowStateProjectService">
        <state x="463" y="114" key="FileChooserDialogImpl" timestamp="1683272314725">
          <screen x="0" y="0" width="1366" height="720" />
        </state>
        <state x="463" y="114" key="FileChooserDialogImpl/0.0.1366.720" timestamp="1683272314725" />
      </component>
      <component name="masterDetails">
        <states>
          <state key="ProjectJDKs.UI">
            <settings>
              <last-edited>1.8</last-edited>
              <splitter-proportions>
                <option name="proportions">
                  <list>
                    <option value="0.2" />
                  </list>
                </option>
              </splitter-proportions>
            </settings>
          </state>
        </states>
      </component>
    </defaultProject>
  </component>
</application>