<application>
  <component name="com.intellij.ide.ui.customization.CustomActionsSchema">
    <group value="XDebugger.MuteBreakpoints" is_action="true" action_type="-1" position="6">
      <path value="root" />
      <path value="Debug Tool Window Left Toolbar" />
      <option name="myInitialPosition" value="-1" />
    </group>
    <group value="ViewBreakpoints" is_action="true" action_type="-1" position="5">
      <path value="root" />
      <path value="Debug Tool Window Left Toolbar" />
      <option name="myInitialPosition" value="-1" />
    </group>
    <group value="RunToCursor" is_action="true" action_type="-1" position="5">
      <path value="root" />
      <path value="Debug Tool Window Top Toolbar" />
      <option name="myInitialPosition" value="-1" />
    </group>
    <group value="StepOut" is_action="true" action_type="-1" position="4">
      <path value="root" />
      <path value="Debug Tool Window Top Toolbar" />
      <option name="myInitialPosition" value="-1" />
    </group>
    <group value="Stop" is_action="true" action_type="-1" position="3">
      <path value="root" />
      <path value="Debug Tool Window Left Toolbar" />
      <option name="myInitialPosition" value="-1" />
    </group>
    <group value="StepInto" is_action="true" action_type="-1" position="3">
      <path value="root" />
      <path value="Debug Tool Window Top Toolbar" />
      <option name="myInitialPosition" value="-1" />
    </group>
    <group value="Pause" is_action="true" action_type="-1" position="2">
      <path value="root" />
      <path value="Debug Tool Window Left Toolbar" />
      <option name="myInitialPosition" value="-1" />
    </group>
    <group value="StepOver" is_action="true" action_type="-1" position="2">
      <path value="root" />
      <path value="Debug Tool Window Top Toolbar" />
      <option name="myInitialPosition" value="-1" />
    </group>
    <group value="Resume" is_action="true" action_type="-1" position="1">
      <path value="root" />
      <path value="Debug Tool Window Left Toolbar" />
      <option name="myInitialPosition" value="-1" />
    </group>
    <group value="EditorToggleUseSoftWraps" is_action="true" action_type="1" position="6">
      <path value="root" />
      <path value="Debug Tool Window Top Toolbar" />
      <option name="myInitialPosition" value="-1" />
    </group>
    <group value="ConsoleView.ClearAll" is_action="true" action_type="1" position="7">
      <path value="root" />
      <path value="Debug Tool Window Top Toolbar" />
      <option name="myInitialPosition" value="-1" />
    </group>
    <group value="EditorScrollBottom" is_action="true" action_type="1" position="8">
      <path value="root" />
      <path value="Debug Tool Window Top Toolbar" />
      <option name="myInitialPosition" value="-1" />
    </group>
    <group value="EditorScrollTop" is_action="true" action_type="1" position="9">
      <path value="root" />
      <path value="Debug Tool Window Top Toolbar" />
      <option name="myInitialPosition" value="-1" />
    </group>
    <group value="ShowExecutionPoint" is_action="true" action_type="1" position="18">
      <path value="root" />
      <path value="Main Toolbar" />
      <option name="myInitialPosition" value="-1" />
    </group>
    <group value="EvaluateExpression" is_action="true" action_type="1" position="19">
      <path value="root" />
      <path value="Main Toolbar" />
      <option name="myInitialPosition" value="-1" />
    </group>
    <group seperator="true" action_type="1" position="20">
      <path value="root" />
      <path value="Main Toolbar" />
      <option name="myInitialPosition" value="-1" />
    </group>
    <group value="StepOver" is_action="true" action_type="1" position="21">
      <path value="root" />
      <path value="Main Toolbar" />
      <option name="myInitialPosition" value="-1" />
    </group>
    <group value="StepInto" is_action="true" action_type="1" position="22">
      <path value="root" />
      <path value="Main Toolbar" />
      <option name="myInitialPosition" value="-1" />
    </group>
    <group value="StepOut" is_action="true" action_type="1" position="23">
      <path value="root" />
      <path value="Main Toolbar" />
      <option name="myInitialPosition" value="-1" />
    </group>
    <group value="RunToCursor" is_action="true" action_type="1" position="24">
      <path value="root" />
      <path value="Main Toolbar" />
      <option name="myInitialPosition" value="-1" />
    </group>
    <group value="Debugger.PopFrame" is_action="true" action_type="1" position="25">
      <path value="root" />
      <path value="Main Toolbar" />
      <option name="myInitialPosition" value="-1" />
    </group>
    <group value="FindNext" is_action="true" action_type="1" position="26">
      <path value="root" />
      <path value="Main Toolbar" />
      <option name="myInitialPosition" value="-1" />
    </group>
    <group value="FindPrevious" is_action="true" action_type="1" position="27">
      <path value="root" />
      <path value="Main Toolbar" />
      <option name="myInitialPosition" value="-1" />
    </group>
    <group seperator="true" action_type="1" position="28">
      <path value="root" />
      <path value="Main Toolbar" />
      <option name="myInitialPosition" value="-1" />
    </group>
    <group value="Resume" is_action="true" action_type="1" position="29">
      <path value="root" />
      <path value="Main Toolbar" />
      <option name="myInitialPosition" value="-1" />
    </group>
    <group value="ViewBreakpoints" is_action="true" action_type="1" position="30">
      <path value="root" />
      <path value="Main Toolbar" />
      <option name="myInitialPosition" value="-1" />
    </group>
    <group value="XDebugger.MuteBreakpoints" is_action="true" action_type="1" position="31">
      <path value="root" />
      <path value="Main Toolbar" />
      <option name="myInitialPosition" value="-1" />
    </group>
    <group value="Debugger.RemoveAllBreakpoints" is_action="true" action_type="1" position="32">
      <path value="root" />
      <path value="Main Toolbar" />
      <option name="myInitialPosition" value="-1" />
    </group>
    <group value="Debugger.RemoveAllBreakpointsInFile" is_action="true" action_type="1" position="33">
      <path value="root" />
      <path value="Main Toolbar" />
      <option name="myInitialPosition" value="-1" />
    </group>
    <group value="Debugger.FocusOnBreakpoint" is_action="true" action_type="1" position="34">
      <path value="root" />
      <path value="Main Toolbar" />
      <option name="myInitialPosition" value="-1" />
    </group>
    <action id="EditorDelete" icon="jar:file:/C:/Users/ac49999/Rajendra/1.IDE/2.IJ_IDE/lib/app.jar!/toolbar/unknown.svg" />
  </component>
</application>